<?xml version="1.0" encoding="utf-8"?>
<!--- 
  size - размер данных микросхемы памяти в байтах(DEC)
  page - размер страницы микросхемы памяти в байтах(DEC). Для SST AAI Word programm - SSTW. Для SST AAI Byte programm - SSTB. 
  id - индефикатор микросхемы памяти(HEX). Поддерживаются опкоды 9F, 90, AB, 15
  spicmd - команды для серий микросхем памяти 25, 45, 95(EEPROM)
  script - имя файла скрипта из папки scripts  

NAND:
  size - размер данных микросхемы памяти в байтах(DEC) БЕЗ учета резервной области
  page - размер основной страницы микросхемы памяти в байтах(DEC)
  spare - размер запасной области страницы, в байтах(DEC)
  block - размер блока, число страниц
  nandcmd - 1 x 1 1 x 0 0 1
	    |	| |   |___|____ Number of active CE pins (1,2,4)
	    |	| |____________ CacheRead support (31h,3Fh CMD)
	    |	|______________ CacheWrite support (80h-15h CMD)
	    |__________________ Internal ECC ?
  
  BBM - 0 0 0 1 0 0 0 0	
        |   | | |_____|________ number of byte in spare area, ($x0 for large page, $x5 for small page)
        |   | |________________ at first page ($1x)
        |   |__________________ at second page ($2x)
        |______________________ at last page in block ($8x)


S3F devices:
VPP field just for information! Must be set manually before connection!
page="1" for byte-mode read/write operation
page="0" for full chip in one transaction operation
 -->

<chiplist>
  <SPI>
    <KB90XX>
      <KB9012 id="0" page="128" size="131072" spicmd="KB"/>
    </KB90XX>
	<ADESTO>
	  <AT25DN256 id="1F4000" page="256" size="32768"/>
	</ADESTO>
    <AMIC>
      <A25L05PT id="372020" page="256" size="65536"/>
      <A25L05PU id="372010" page="256" size="65536"/>
      <A25L10PT id="372021" page="256" size="131072"/>
      <A25L10PU id="372011" page="256" size="131072"/>
      <A25L20PT id="372022" page="256" size="262144"/>
      <A25L20PU id="372012" page="256" size="262144"/>
      <A25L40PT id="372023" page="256" size="524288"/>
      <A25L40PU id="372013" page="256" size="524288"/>
      <A25L80PT id="372024" page="256" size="1048576"/>
      <A25L80PU id="372014" page="256" size="1048576"/>
      <A25L16PT id="372025" page="256" size="2097152"/>
      <A25L16PU id="372015" page="256" size="2097152"/>
      <A25L512 id="373010" page="256" size="65536"/>
      <A25L010 id="373011" page="256" size="131072"/>
      <A25L020 id="373012" page="256" size="262144"/>
      <A25L040 id="373013" page="256" size="524288"/>
      <A25L080 id="373014" page="256" size="1048576"/>
      <A25L016 id="373015" page="256" size="2097152"/>
      <A25L032 id="373016" page="256" size="4194304"/>
      <A25LQ16 id="374015" page="256" size="2097152"/>
      <A25LQ32A id="374016" page="256" size="4194304"/>
    </AMIC>
    <APLUS>
      <AF25BC08 page="32" size="1024" spicmd="95"/>
      <AF25BC16 page="32" size="2048" spicmd="95"/>
      <AF25BC32 page="32" size="4096" spicmd="95"/>
      <AF25BC64 page="32" size="8192" spicmd="95"/>
      <AF25BC128 page="64" size="16384" spicmd="95"/>
      <AF25BC256 page="64" size="32768" spicmd="95"/>
    </APLUS>
	<Boya>
	  <BY25D80 id="684014" page="256" size="1048576"/>
	</Boya>
    <CATALYST_CSI>
      <CAT25010 page="16" size="128" spicmd="95"/>
      <CAT25020 page="16" size="256" spicmd="95"/>
      <CAT25040 page="16" size="512" spicmd="95"/>
      <CAT25080 page="32" size="1024" spicmd="95"/>
      <CAT25160 page="32" size="2048" spicmd="95"/>
      <CAT25320 page="32" size="4096" spicmd="95"/>
      <CAT25640 page="64" size="8192" spicmd="95"/>
      <CAT25128 page="64" size="16384" spicmd="95"/>
      <CAT25256 page="64" size="32768" spicmd="95"/>
      <CAT25C01 page="16" size="128" spicmd="95"/>
      <CAT25C02 page="16" size="256" spicmd="95"/>
      <CAT25C03 page="16" size="256" spicmd="95"/>
      <CAT25C04 page="16" size="512" spicmd="95"/>
      <CAT25C05 page="16" size="512" spicmd="95"/>
      <CAT25C08 page="32" size="1024" spicmd="95"/>
      <CAT25C09 page="32" size="1024" spicmd="95"/>
      <CAT25C16 page="32" size="2048" spicmd="95"/>
      <CAT25C17 page="32" size="2048" spicmd="95"/>
      <CAT25C32 page="32" size="4096" spicmd="95"/>
      <CAT25C33 page="32" size="4096" spicmd="95"/>
      <CAT25C64 page="64" size="8192" spicmd="95"/>
      <CAT25C65 page="64" size="8192" spicmd="95"/>
      <CAT25C128 page="64" size="16384" spicmd="95"/>
      <CAT25C256 page="64" size="32768" spicmd="95"/>
    </CATALYST_CSI>
    <EON>
      <EN25B05 id="1C2010" page="256" size="65536"/>
      <EN25B05T id="1C2010" page="256" size="65536"/>
      <EN25B10 id="1C2011" page="256" size="131072"/>
      <EN25B10T id="1C2011" page="256" size="131072"/>
      <EN25B20 id="1C2012" page="256" size="262144"/>
      <EN25B20T id="1C2012" page="256" size="262144"/>
      <EN25B40 id="1C2013" page="256" size="524288"/>
      <EN25B40T id="1C2013" page="256" size="524288"/>
      <EN25B80 id="1C2014" page="256" size="1048576"/>
      <EN25B80T id="1C2014" page="256" size="1048576"/>
      <EN25B16 id="1C2015" page="256" size="2097152"/>
      <EN25B16T id="1C2015" page="256" size="2097152"/>
      <EN25B32 id="1C2016" page="256" size="4194304"/>
      <EN25B32T id="1C2016" page="256" size="4194304"/>
      <EN25B64 id="1C2017" page="256" size="8388608"/>
      <EN25B64T id="1C2017" page="256" size="8388608"/>
      <EN25F05 id="1C3110" otp="240" page="256" size="65536"/>
      <EN25F10 id="1C3111" otp="496" page="256" size="131072"/>
      <EN25F20 id="1C3112" otp="1008" page="256" size="262144"/>
      <EN25F40 id="1C3113" otp="2032" page="256" size="524288"/>
      <EN25F80 id="1C3114" otp="4080" page="256" size="1048576"/>
      <EN25F16 id="1C3115" otp="8176" page="256" size="2097152"/>
      <EN25F32 id="1C3116" otp="16368" page="256" size="4194304"/>
      <EN25LF05 id="1C3110" page="256" size="65536"/>
      <EN25LF10 id="1C3111" page="256" size="131072"/>
      <EN25LF20 id="1C3112" page="256" size="262144"/>
      <EN25LF40 id="1C3113" page="256" size="524288"/>
      <EN25P05 id="1C2010" page="256" size="65536"/>
      <EN25P10 id="1C2011" page="256" size="131072"/>
      <EN25P20 id="1C2012" page="256" size="262144"/>
      <EN25P40 id="1C2013" page="256" size="524288"/>
      <EN25P80 id="1C2014" page="256" size="1048576"/>
      <EN25P16 id="1C2015" page="256" size="2097152"/>
      <EN25P32 id="1C2016" page="256" size="4194304"/>
      <EN25P64 id="1C2017" page="256" size="8388608"/>
      <EN25Q40 id="1C3013" otp="2032" page="256" size="524288"/>
      <EN25Q80A id="1C3014" otp="4080" page="256" size="1048576"/>
      <EN25Q16A id="1C3015" otp="8176" page="256" size="2097152"/>
      <EN25Q32A id="1C3016" otp="16368" page="256" size="4194304"/>
      <EN25Q32A id="1C7016" otp="16368" page="256" size="4194304"/>
      <EN25Q32B id="1C3016" otp="16368" page="256" size="4194304"/>
      <EN25Q64 id="1C3017" otp="32752" page="256" size="8388608"/>
      <EN25Q128 id="1C3018" otp="65520" page="256" size="16777216"/>
      <EN25QH16 id="1C7015" otp="8176" page="256" size="2097152"/>
      <EN25QH32 id="1C7016" otp="16368" page="256" size="4194304"/>
      <EN25QH64 id="1C7017" otp="32752" page="256" size="8388608"/>
      <EN25QH128 id="1C7018" otp="65520" page="256" size="16777216"/>
	  <EN25QH256 id="1C7019" otp="0" page="256" size="33554432"/>
      <EN25T80 id="1C5114" otp="4080" page="256" size="1048576"/>
      <EN25T16 id="1C5115" otp="8176" page="256" size="2097152"/>
      <EN25F64 id="1C3117" otp="32752" page="256" size="8388608"/>
    </EON>
    <PMC>
      <PM25LD256C id="9D2F" page="256" size="32768"/>
      <PM25LD512 id="9D20" page="256" size="65536"/>
      <PM25LD512C id="9D20" page="256" size="65536"/>
      <PM25LD010 id="9D21" page="256" size="131072"/>
      <PM25LD010C id="9D21" page="256" size="131072"/>
      <PM25LD020 id="9D22" page="256" size="262144"/>
      <PM25LD020C id="9D22" page="256" size="262144"/>
      <PM25LD040 id="9D7E" page="256" size="524288"/>
      <PM25LD040C id="9D7E" page="256" size="524288"/>
      <PM25LV512 id="9D7B" page="256" size="65536"/>
      <PM25LV512A id="9D7B" page="256" size="65536"/>
      <PM25LV010 id="9D7C" page="256" size="131072"/>
      <PM25LV010A id="9D7C" page="256" size="131072"/>
      <PM25LV020 id="9D7D" page="256" size="262144"/>
      <PM25LV040 id="9D7E" page="256" size="524288"/>
      <PM25LV080B id="9D13" page="256" size="1048576"/>
      <PM25LV016B id="9D14" page="256" size="2097152"/>
      <PM25WD020 id="9D32" page="256" size="262144"/>
      <PM25WD040 id="9D33" page="256" size="524288"/>
    </PMC>
	<PFLASH>
	  <Pm25LV010 id="7F9D7C" page="256" size="131072"/>
	  <Pm25LD010 id="7F9D21" page="256" size="131072"/>
	  <Pm25LV020 id="7F9D22" page="256" size="262144"/>
	  <Pm25W020 id="7F9D7D" page="256" size="262144"/>
	</PFLASH>
	<TERRA>
	  <TS25L512A id="373010" page="256" size="65536"/>
	  <TS25L010A id="373011" page="256" size="131072"/>
	  <TS25L020A id="373012" page="256" size="262144"/>
	  <TS25L16AP id="202015" page="256" size="2097152"/>
	  <TS25L16BP id="202015" page="256" size="2097152"/>
	  <ZP25L16P id="202015" page="256" size="2097152"/>
	  <TS25L16PE id="208015" page="256" size="2097152"/>
	  <TS25L80PE id="208014" page="256" size="1048576"/>
	  <TS25L032A id="373016" page="256" size="4194304"/>
	  <TS25L40P id="202013" page="256" size="524288"/>
	</TERRA>
	<Generalplus> 
	  <GPR25L005E id="C22010" page="256" size="65536"/>
	  <GPR25L161B id="C22015" page="256" size="262144"/>
	  <GPR25L020B id="C22012" page="256" size="262144"/>
	</Generalplus>
    <DEUTRON>
      <AC25LV512 id="9D7B00" page="256" size="65536"/>
      <AC25LV010 id="9D7C00" page="256" size="131072"/>
    </DEUTRON>
    <EFST>
      <EM25LV512 id="9D7B00" page="256" size="65536"/>
      <EM25LV010 id="9D7C00" page="256" size="131072"/>
      <F25L004A id="8C2013" page="256" size="524288"/>
      <F25L008A id="8C2014" page="256" size="1048576"/>
      <F25L016A id="8C2015" page="256" size="2097152"/>
      <F25L04UA id="8C8C8C" page="256" size="524288"/>
      <F25L04P id="8C2013" page="256" size="524288"/>
      <F25S04P id="8C3013" page="256" size="524288"/>
      <F25L08P id="8C2014" page="256" size="1048576"/>
      <F25L16P id="8C2015" page="256" size="2097152"/>
      <F25L32P id="8C2016" page="256" size="4194304"/>
      <F25L32Q id="8C4016" page="256" size="4194304"/>
    </EFST>
    <EXCELSEMI>
      <ES25P10 id="4A2011" page="256" size="131072"/>
      <ES25P20 id="4A2012" page="256" size="262144"/>
      <ES25P40 id="4A2013" page="256" size="524288"/>
      <ES25P80 id="4A2014" page="256" size="1048576"/>
      <ES25P16 id="4A2015" page="256" size="2097152"/>
      <ES25P32 id="4A2016" page="256" size="4194304"/>
      <ES25M40A id="4A3213" page="256" size="524288"/>
      <ES25M80A id="4A3214" page="256" size="1048576"/>
      <ES25M16A id="4A3215" page="256" size="2097152"/>
    </EXCELSEMI>
    <FIDELIX>
      <FM25Q08A id="F83214" page="256" size="1048576"/>
      <FM25Q16A id="F83215" page="256" size="2097152"/>
      <FM25Q16B id="F83215" page="256" size="2097152"/>
      <FM25Q32A id="F83216" page="256" size="4194304"/>
      <FM25Q64A id="F83217" page="256" size="8388608"/>
    </FIDELIX>
    <GIANTEC>
      <GT25C01 page="8" size="128" spicmd="95"/>
      <GT25C02 page="8" size="256" spicmd="95"/>
      <GT25C04 page="8" size="512" spicmd="95"/>
      <GT25C08 page="32" size="1024" spicmd="95"/>
      <GT25C16 page="32" size="2048" spicmd="95"/>
      <GT25C32 page="32" size="4096" spicmd="95"/>
      <GT25C32A page="32" size="4096" spicmd="95"/>
      <GT25C64 page="32" size="8192" spicmd="95"/>
      <GT25C128 page="64" size="16384" spicmd="95"/>
      <GT25C128A page="64" size="16384" spicmd="95"/>
      <GT25C256 page="64" size="32768" spicmd="95"/>
    </GIANTEC>
    <GIGADEVICE>
      <GD25D40 id="C83013" page="256" size="524288"/>
      <GD25D80 id="C83014" page="256" size="1048576"/>
      <GD25F40 id="C82013" page="256" size="524288"/>
      <GD25F80 id="C82014" page="256" size="1048576"/>
      <GD25Q512 id="C84010" page="256" size="65536"/>
      <GD25Q10 id="C84011" page="256" size="131072"/>
      <GD25Q20 id="C84012" page="256" size="262144"/>
      <GD25Q40 id="C84013" page="256" size="524288"/>
      <GD25Q80 id="C84014" page="256" size="1048576"/>
      <GD25Q80B id="C84014" page="256" size="1048576"/>
      <GD25Q16 id="C84015" page="256" size="2097152"/>
      <GD25Q16B id="C84015" page="256" size="2097152"/>
      <GD25Q32 id="C84016" page="256" size="4194304"/>
      <GD25Q32B id="C84016" page="256" size="4194304"/>
      <GD25Q64 id="C84017" page="256" size="8388608"/>
      <GD25Q64B id="C84017" page="256" size="8388608"/>
      <GD25Q128B id="C84018" page="256" size="16777216"/>
      <GD25Q128C id="C84018" page="256" size="16777216"/>
	  <GD25LQ128C_1.8V id="C86018" page="256" size="16777216"/>
	  <GD25LQ256C_1.8V id="C86019" page="256" size="33554432"/>
      <MD25T80 id="C83114" page="256" size="1048576"/>
      <MD25D20 id="514012" page="256" size="262144"/>
      <MD25D40 id="514013" page="256" size="524288"/>
      <MD25D80 id="514014" page="256" size="1048576"/>
      <MD25D16 id="514015" page="256" size="2097152"/>
    </GIGADEVICE>
    <ICE>
      <ICE25P05 id="1C2010" page="128" size="65536"/>
    </ICE>
    <ICMIC>
      <X25020 page="4" size="256" spicmd="95"/>
      <X25021 page="4" size="256" spicmd="95"/>
      <X25040 page="4" size="512" spicmd="95"/>
      <X25041 page="4" size="512" spicmd="95"/>
      <X25080 page="32" size="1024" spicmd="95"/>
      <X25128 page="32" size="16384" spicmd="95"/>
      <X25160 page="32" size="2048" spicmd="95"/>
      <X25170 page="32" size="2048" spicmd="95"/>
      <X25320 page="32" size="4096" spicmd="95"/>
      <X25330 page="32" size="4096" spicmd="95"/>
      <X25640 page="32" size="8192" spicmd="95"/>
      <X25642 page="32" size="8192" spicmd="95"/>
      <X25650 page="32" size="8192" spicmd="95"/>
    </ICMIC>
    <INTEGRAL>
      <IN25AA020 page="16" size="256" spicmd="95"/>
      <IN25AA040 page="16" size="512" spicmd="95"/>
      <IN25AA080 page="16" size="1024" spicmd="95"/>
      <IN25AA160 page="16" size="2048" spicmd="95"/>
    </INTEGRAL>
    <INTEL>
      <QB25F016S33B id="898911" page="256" size="2097152"/>
      <QB25F160S33B id="898911" page="256" size="2097152"/>
      <QB25F320S33B id="898912" page="256" size="4194304"/>
      <QB25F640S33B id="898913" page="256" size="8388608"/>
      <QH25F016S33B id="898911" page="256" size="2097152"/>
      <QH25F160S33B id="898911" page="256" size="2097152"/>
      <QH25F320S33B id="898912" page="256" size="4194304"/>
    </INTEL>
    <ISSI>
      <IS25C01 page="8" size="128" spicmd="95"/>
      <IS25C02 page="16" size="256" spicmd="95"/>
      <IS25C04 page="16" size="512" spicmd="95"/>
      <IS25C08 page="16" size="1024" spicmd="95"/>
      <IS25C16 page="16" size="2048" spicmd="95"/>
      <IS25C32 page="32" size="4096" spicmd="95"/>
      <IS25C32A page="32" size="4096" spicmd="95"/>
      <IS25C64 page="64" size="8192" spicmd="95"/>
      <IS25C128 page="64" size="16384" spicmd="95"/>
      <IS25C256 page="64" size="32768" spicmd="95"/>
    </ISSI>
    <KHIC>
      <KH25L1005 id="C22011" page="256" size="131072"/>
      <KH25L1005A id="C22011" page="256" size="131072"/>
      <KH25L2005 id="C22012" page="256" size="262144"/>
      <KH25L4005 id="C22013" page="256" size="524288"/>
      <KH25L4005A id="C22013" page="256" size="524288"/>
      <KH25L512 id="C22010" page="256" size="65536"/>
      <KH25L512A id="C22010" page="256" size="65536"/>
      <KH25L8005 id="C22014" page="256" size="1048576"/>
      <KH25L8036D id="C22615" page="256" size="1048576"/>
    </KHIC>
    <MACRONIX>
      <MX25L1005 id="C22011" page="256" size="131072"/>
      <MX25L1005A id="C22011" page="256" size="131072"/>
      <MX25L1005C id="C22011" page="256" size="131072"/>
      <MX25L1006E id="C22011" page="256" size="131072"/>
      <MX25L1021E id="C22211" page="32" size="131072"/>
      <MX25L1025C id="C22011" page="256" size="131072"/>
      <MX25L1026E id="C22011" page="256" size="131072"/>
      <MX25L12805D id="C22018" page="256" size="16777216"/>
      <MX25L12835E id="C22018" page="256" size="16777216"/>
      <MX25L12835F id="C22018" page="256" size="16777216"/>
      <MX25L12836E id="C22018" page="256" size="16777216"/>
      <MX25L12839F id="C22018" page="256" size="16777216"/>
      <MX25L12845E id="C22018" page="256" size="16777216"/>
      <MX25L12845G id="C22018" page="256" size="16777216"/>
      <MX25L12845F id="C22018" page="256" size="16777216"/>
      <MX25L12865E id="C22018" page="256" size="16777216"/>
      <MX25L12865F id="C22018" page="256" size="16777216"/>
      <MX25L12873F id="C22018" page="256" size="16777216"/>
      <MX25L12875F id="C22018" page="256" size="16777216"/>
	  <MX25L25635E id="C22019" page="256" size="33554432"/>
      <MX25L1605 id="C22015" page="256" size="2097152"/>
      <MX25L1605A id="C22015" page="256" size="2097152"/>
      <MX25L1605D id="C22015" page="256" size="2097152"/>
      <MX25L1606E id="C22015" page="256" size="2097152"/>
      <MX25L1633E id="C22415" page="256" size="2097152"/>
      <MX25L1635D id="C22415" page="256" size="2097152"/>
      <MX25L1635E id="C22515" page="256" size="2097152"/>
      <MX25L1636D id="C22415" page="256" size="2097152"/>
      <MX25L1636E id="C22515" page="256" size="2097152"/>
      <MX25L1673E id="C22415" page="256" size="2097152"/>
      <MX25L1675E id="C22415" page="256" size="2097152"/>
      <MX25L2005 id="C22012" page="256" size="262144"/>
      <MX25L2005C id="C22012" page="256" size="262144"/>
      <MX25L2006E id="C22012" page="256" size="262144"/>
      <MX25L2026C id="C22012" page="256" size="262144"/>
      <MX25L2026E id="C22012" page="256" size="262144"/>
      <MX25L3205 id="C22016" page="256" size="4194304"/>
      <MX25L3205A id="C22016" page="256" size="4194304"/>
      <MX25L3205D id="C22016" page="256" size="4194304"/>
      <MX25L3206E id="C22016" page="256" size="4194304"/>
      <MX25L3208E id="C22016" page="256" size="4194304"/>
      <MX25L3225D id="C25E16" page="256" size="4194304"/>
      <MX25L3233F id="C22016" page="256" size="4194304"/>
      <MX25L3235D id="C25E16" page="256" size="4194304"/>
      <MX25L3235E id="C22016" page="256" size="4194304"/>
      <MX25L3236D id="C25E16" page="256" size="4194304"/>
      <MX25L3237D id="C25E16" page="256" size="4194304"/>
      <MX25L3239E id="C22536" page="256" size="4194304"/>
      <MX25L3273E id="C22016" page="256" size="4194304"/>
      <MX25L3273F id="C22016" page="256" size="4194304"/>
      <MX25L3275E id="C22016" page="256" size="4194304"/>
      <MX25L4005 id="C22013" page="256" size="524288"/>
      <MX25L4005A id="C22013" page="256" size="524288"/>
      <MX25L4005C id="C22013" page="256" size="524288"/>
      <MX25L4006E id="C22013" page="256" size="524288"/>
      <MX25L4026E id="C22013" page="256" size="524288"/>
      <MX25L512 id="C22010" page="256" size="65536"/>
      <MX25L512A id="C22010" page="256" size="65536"/>
      <MX25L512C id="C22010" page="256" size="65536"/>
      <MX25L5121E id="C22210" page="32" size="65536"/>
      <MX25L6405 id="C22017" page="256" size="8388608"/>
      <MX25L6405D id="C22017" page="256" size="8388608"/>
      <MX25L6406E id="C22017" page="256" size="8388608"/>
      <MX25L6408E id="C22017" page="256" size="8388608"/>
      <MX25L6433F id="C22017" page="256" size="8388608"/>
      <MX25L6435E id="C22017" page="256" size="8388608"/>
      <MX25L6436E id="C22017" page="256" size="8388608"/>
      <MX25L6439E id="C22537" page="256" size="8388608"/>
      <MX25L6445E id="C22017" page="256" size="8388608"/>
      <MX25L6465E id="C22017" page="256" size="8388608"/>
      <MX25L6473E id="C22017" page="256" size="8388608"/>
      <MX25L6473F id="C22017" page="256" size="8388608"/>
      <MX25L6475E id="C22017" page="256" size="8388608"/>
      <MX25L8005 id="C22014" page="256" size="1048576"/>
      <MX25L8006E id="C22014" page="256" size="1048576"/>
      <MX25L8008E id="C22014" page="256" size="1048576"/>
      <MX25L8035E id="C22014" page="256" size="1048576"/>
      <MX25L8036E id="C22014" page="256" size="1048576"/>
      <MX25L8073E id="C22014" page="256" size="1048576"/>
      <MX25L8075E id="C22014" page="256" size="1048576"/>
      <MX25R512F id="C22810" page="256" size="65536"/>
      <MX25R1035F id="C22811" page="256" size="131072"/>
      <MX25R1635F id="C22815" page="256" size="2097152"/>
      <MX25R2035F id="C22812" page="256" size="262144"/>
      <MX25R3235F id="C22816" page="256" size="4194304"/>
      <MX25R4035F id="C22813" page="256" size="524288"/>
      <MX25R6435F id="C22817" page="256" size="8388608"/>
      <MX25R8035F id="C22814" page="256" size="1048576"/>
      <MX25U1001E_1.8V id="C22531" page="256" size="131072"/>
      <MX25U12835F_1.8V id="C22518" page="256" size="16777216"/>
      <MX25U1635E_1.8V id="C22535" page="256" size="2097152"/>
      <MX25U1635F_1.8V id="C22535" page="256" size="2097152"/>
      <MX25U2032E_1.8V id="C22532" page="256" size="262144"/>
      <MX25U2033E_1.8V id="C22532" page="256" size="262144"/>
      <MX25U3235E_1.8V id="C22536" page="256" size="4194304"/>
      <MX25U3235F_1.8V id="C22536" page="256" size="4194304"/>
      <MX25U4032E_1.8V id="C22533" page="256" size="524288"/>
      <MX25U4033E_1.8V id="C22533" page="256" size="524288"/>
      <MX25U4035_1.8V id="C22533" page="256" size="524288"/>
      <MX25U5121E_1.8V id="C22530" page="256" size="65536"/>
      <MX25U6435F_1.8V id="C22537" page="256" size="8388608"/>
      <MX25U6473F_1.8V id="C22537" page="256" size="8388608"/>
      <MX25U8032E_1.8V id="C22534" page="256" size="1048576"/>
      <MX25U8033E_1.8V id="C22534" page="256" size="1048576"/>
      <MX25U8035_1.8V id="C22534" page="256" size="1048576"/>
      <MX25U8035E_1.8V id="C22534" page="256" size="1048576"/>
      <MX25V1006E id="C22011" page="256" size="131072"/>
      <MX25V1035F id="C22311" page="256" size="131072"/>
      <MX25V2006E id="C22012" page="256" size="262144"/>
      <MX25V2035F id="C22312" page="256" size="262144"/>
      <MX25V512 id="C22010" page="256" size="65536"/>
      <MX25V512C id="C22010" page="256" size="65536"/>
      <MX25V512E id="C22010" page="256" size="65536"/>
      <MX25V512F id="C22310" page="256" size="65536"/>
      <MX25V4005 id="C22013" page="256" size="524288"/>
      <MX25V4006E id="C22013" page="256" size="524288"/>
      <MX25V4035 id="C22553" page="256" size="524288"/>
      <MX25V4035F id="C22313" page="256" size="524288"/>
      <MX25V8005 id="C22014" page="256" size="1048576"/>
      <MX25V8006E id="C22014" page="256" size="1048576"/>
      <MX25V8035 id="C22554" page="256" size="1048576"/>
      <MX25V8035F id="C22314" page="256" size="1048576"/>
	  <MX66U51235F_1.8V id="C2253A" page="256" size="67108864"/>
	  <MX66U1G45G_1.8V id="C2253B" page="256" size="134217728"/>
    </MACRONIX>
    <MICROCHIP>
      <_25AA010A page="16" size="128" spicmd="95"/>
      <_25AA020A page="16" size="256" spicmd="95"/>
      <_25AA040 page="16" size="512" spicmd="95"/>
      <_25AA040A page="16" size="512" spicmd="95"/>
      <_25AA080 page="16" size="1024" spicmd="95"/>
      <_25AA080A page="16" size="1024" spicmd="95"/>
      <_25AA080B page="32" size="1024" spicmd="95"/>
      <_25AA080C page="16" size="1024" spicmd="95"/>
      <_25AA080D page="32" size="1024" spicmd="95"/>
      <_25AA1024 page="256" size="131072" spicmd="95"/>
      <_25AA128 page="64" size="16384" spicmd="95"/>
      <_25AA160 page="16" size="2048" spicmd="95"/>
      <_25AA160A page="16" size="2048" spicmd="95"/>
      <_25AA160B page="32" size="2048" spicmd="95"/>
      <_25AA256 page="64" size="32768" spicmd="95"/>
      <_25AA320 page="32" size="4096" spicmd="95"/>
      <_25AA512 page="128" size="65536" spicmd="95"/>
      <_25AA640 page="32" size="8192" spicmd="95"/>
      <_25C040 page="16" size="512" spicmd="95"/>
      <_25C080 page="16" size="1024" spicmd="95"/>
      <_25C160 page="16" size="2048" spicmd="95"/>
      <_25C320 page="32" size="4096" spicmd="95"/>
      <_25C640 page="32" size="8192" spicmd="95"/>
      <_25LC010A page="16" size="128" spicmd="95"/>
      <_25LC020A page="16" size="256" spicmd="95"/>
      <_25LC040 page="16" size="512" spicmd="95"/>
      <_25LC040A page="16" size="512" spicmd="95"/>
      <_25LC080 page="16" size="1024" spicmd="95"/>
      <_25LC080A page="16" size="1024" spicmd="95"/>
      <_25LC080B page="32" size="1024" spicmd="95"/>
      <_25LC080C page="16" size="1024" spicmd="95"/>
      <_25LC080D page="32" size="1024" spicmd="95"/>
      <_25LC1024 page="256" size="131072" spicmd="95"/>
      <_25LC128 page="64" size="16384" spicmd="95"/>
      <_25LC160 page="16" size="2048" spicmd="95"/>
      <_25LC160A page="16" size="2048" spicmd="95"/>
      <_25LC160B page="32" size="2048" spicmd="95"/>
      <_25LC256 page="64" size="32768" spicmd="95"/>
      <_25LC320 page="32" size="4096" spicmd="95"/>
      <_25LC512 page="128" size="65536" spicmd="95"/>
      <_25LC640 page="32" size="8192" spicmd="95"/>
    </MICROCHIP>
    <MICRON>
      <N25Q032A id="20BA16" page="256" size="4194304"/>
      <N25Q064A id="20BA17" page="256" size="8388608"/>
	  <N25Q256A13 id="20BA19" page="256" size="33554432"/>
	  <N25Q512A83 id="20BA20" page="256" size="67108864"/>
	  <N25W256A11 id="2CCB19" page="256" size="33554432"/>
	  <MT25QL128AB id="20BA18" page="256" size="16777216"/>
      <MT25QL256A id="20BA19" page="256" size="33554432"/>
      <MT25QL512A id="20BA20" page="256" size="67108864"/>
      <MT25QL02GC id="20BA22" page="256" size="268435456"/>
	  <N25Q00AA13G id="20BA21" page="256" size="134217728"/>
    </MICRON>
    <MSHINE>
      <MS25X512 id="373010" page="256" size="65536"/>
      <MS25X10 id="373011" page="256" size="131072"/>
      <MS25X20 id="373012" page="256" size="262144"/>
      <MS25X40 id="373013" page="256" size="524288"/>
      <MS25X80 id="373014" page="256" size="1048576"/>
      <MS25X16 id="373015" page="256" size="2097152"/>
      <MS25X32 id="373016" page="256" size="4194304"/>
    </MSHINE>
    <NANTRONICS>
      <N25S10 id="D53011" page="256" size="131072"/>
      <N25S20 id="D53012" page="256" size="262144"/>
      <N25S40 id="D53013" page="256" size="524288"/>
      <N25S16 id="D53015" page="256" size="2097152"/>
      <N25S32 id="D53016" page="256" size="4194304"/>
      <N25S80 id="D53014" page="256" size="1048576"/>
    </NANTRONICS>
    <NEXFLASH>
      <NX25P10 id="9D7F7C" page="256" size="131072"/>
      <NX25P16 id="EF2015" page="256" size="2097152"/>
      <NX25P20 id="9D7F7D" page="256" size="262144"/>
      <NX25P32 id="EF2016" page="256" size="4194304"/>
      <NX25P40 id="9D7F7E" page="256" size="524288"/>
      <NX25P80 id="9D7F13" page="256" size="1048576"/>
    </NEXFLASH>
    <NUMONYX>
	  <M45PE16 id="204015" page="256" size="2097152" script="blockerase.pas"/>
      <M25P05 id="202010" page="128" size="65536"/>
      <M25P05A id="202010" page="256" size="65536"/>
      <M25P10 id="202011" page="128" size="131072"/>
      <M25P10A id="202011" page="256" size="131072"/>
      <M25P20 id="202012" page="256" size="262144"/>
      <M25P40 id="202013" page="256" size="524288"/>
      <M25P80 id="202014" page="256" size="1048576"/>
      <M25P16 id="202015" page="256" size="2097152"/>
      <M25P32 id="202016" page="256" size="4194304"/>
      <M25P64 id="202017" page="256" size="8388608"/>
      <M25P128_ST25P28V6G id="202018" page="256" size="16777216"/>
      <M25PE10 id="208011" page="256" size="131072"/>
      <M25PE16 id="208015" page="256" size="2097152"/>
      <M25PE20 id="208012" page="256" size="262144"/>
      <M25PE40 id="208013" page="256" size="524288"/>
      <M25PE80 id="208014" page="256" size="1048576"/>
    </NUMONYX>
    <PCT>
      <PCT25LF020A id="BF4300" page="256" size="262144"/>
      <PCT25VF010A id="BF4900" page="256" size="131072"/>
      <PCT25VF016B id="BF2541" page="256" size="2097152"/>
      <PCT25VF020A id="BF4300" page="256" size="262144"/>
      <PCT25VF032B id="BF254A" page="256" size="4194304"/>
      <PCT25VF040A id="BF4400" page="256" size="524288"/>
      <PCT25VF040B id="BF258D" page="256" size="524288"/>
      <PCT25VF080B id="BF258E" page="256" size="1048576"/>
    </PCT>
    <RAMTRON>
      <FM25040 page="32" size="512" spicmd="95"/>
      <FM25C160 page="32" size="2048" spicmd="95"/>
      <FM25640 page="32" size="8192" spicmd="95"/>
      <FM25CL04 page="32" size="512" spicmd="95"/>
      <FM25CL64 page="32" size="8192" spicmd="95"/>
      <FM25L16 page="32" size="2048" spicmd="95"/>
      <FM25L256 page="32" size="32768" spicmd="95"/>
      <FM25L512 page="32" size="65536" spicmd="95"/>
      <FM25W256 page="32" size="32768" spicmd="95"/>
    </RAMTRON>
    <RENESAS>
      <HN58X2502 page="16" size="256" spicmd="95"/>
      <HN58X2504 page="16" size="512" spicmd="95"/>
      <HN58X2508 page="16" size="1024" spicmd="95"/>
      <HN58X25128 page="64" size="16384" spicmd="95"/>
      <HN58X2516 page="16" size="2048" spicmd="95"/>
      <HN58X25256 page="64" size="32768" spicmd="95"/>
      <HN58X2532 page="32" size="4096" spicmd="95"/>
      <HN58X2564 page="32" size="8192" spicmd="95"/>
      <R1EX25002A page="16" size="256" spicmd="95"/>
      <R1EX25004A page="16" size="512" spicmd="95"/>
      <R1EX25008A page="16" size="1024" spicmd="95"/>
      <R1EX25016A page="16" size="2048" spicmd="95"/>
      <R1EX25032A page="32" size="4096" spicmd="95"/>
      <R1EX25064A page="32" size="8192" spicmd="95"/>
    </RENESAS>
    <ROHM>
      <BR25010 page="16" size="128" spicmd="95"/>
      <BR25020 page="16" size="256" spicmd="95"/>
      <BR25040 page="16" size="512" spicmd="95"/>
      <BR25080 page="16" size="1024" spicmd="95"/>
      <BR25160 page="16" size="2048" spicmd="95"/>
      <BR25320 page="32" size="4096" spicmd="95"/>
      <BR25H010 page="16" size="128" spicmd="95"/>
      <BR25H020 page="16" size="256" spicmd="95"/>
      <BR25H040 page="16" size="512" spicmd="95"/>
      <BR25H080 page="16" size="1024" spicmd="95"/>
      <BR25H160 page="16" size="2048" spicmd="95"/>
      <BR25H320 page="32" size="4096" spicmd="95"/>
      <BR25L010 page="16" size="128" spicmd="95"/>
      <BR25L010 page="16" size="128" spicmd="95"/>
      <BR25L020 page="16" size="256" spicmd="95"/>
      <BR25L040 page="16" size="512" spicmd="95"/>
      <BR25L080 page="16" size="1024" spicmd="95"/>
      <BR25L160 page="16" size="2048" spicmd="95"/>
      <BR25L320 page="32" size="4096" spicmd="95"/>
      <BR25L640 page="32" size="8192" spicmd="95"/>
      <BR25S320 page="32" size="4096" spicmd="95"/>
      <BR25S640 page="32" size="8192" spicmd="95"/>
      <BR25S128 page="64" size="16384" spicmd="95"/>
      <BR25S256 page="64" size="32768" spicmd="95"/>
      <BR95010 page="8" size="128" spicmd="95"/>
      <BR95020 page="8" size="256" spicmd="95"/>
      <BR95040 page="8" size="512" spicmd="95"/>
      <BR95080 page="32" size="1024" spicmd="95"/>
      <BR95160 page="32" size="2048" spicmd="95"/>
    </ROHM>
    <SAIFUN>
      <SA25C1024H page="128" size="131072" spicmd="95"/>
      <SA25C1024L page="128" size="131072" spicmd="95"/>
      <SA25C512H page="128" size="65536" spicmd="95"/>
      <SA25C512L page="128" size="65536" spicmd="95"/>
    </SAIFUN>
    <SANYO>
      <LE25FU106BMA id="621D" page="256" size="131072"/>
      <LE25FU206MA id="6244" page="256" size="262144"/>
      <LE25FU406BMA id="621E" page="256" size="524288"/>
      <LE25FW206M id="6226" page="256" size="262144"/>
      <LE25FW406M id="6207" page="256" size="524288"/>
      <LE25FW406AM id="621A" page="256" size="524288"/>
      <LE25FW806M id="6226" page="256" size="1048576"/>
    </SANYO>
    <SEIKO>
      <S-25A010A page="8" size="128" spicmd="95"/>
      <S-25A020A page="8" size="256" spicmd="95"/>
      <S-25A040A page="8" size="512" spicmd="95"/>
      <S-25A080A page="32" size="1024" spicmd="95"/>
      <S-25A160A page="32" size="2048" spicmd="95"/>
      <S-25A320A page="32" size="4096" spicmd="95"/>
      <S-25A640A page="32" size="8192" spicmd="95"/>
      <S-25C010A page="8" size="128" spicmd="95"/>
      <S-25C020A page="8" size="256" spicmd="95"/>
      <S-25C040A page="8" size="512" spicmd="95"/>
      <S-25C080A page="32" size="1024" spicmd="95"/>
      <S-25C160A page="32" size="2048" spicmd="95"/>
      <S-25C320A page="32" size="4096" spicmd="95"/>
      <S-25C640A page="32" size="8192" spicmd="95"/>
    </SEIKO>
    <SIEMENS>
      <SLA25010 page="16" size="128" spicmd="95"/>
      <SLA25020 page="16" size="256" spicmd="95"/>
      <SLA25040 page="16" size="512" spicmd="95"/>
      <SLA25080 page="32" size="1024" spicmd="95"/>
      <SLA25160 page="32" size="2048" spicmd="95"/>
      <SLA25320 page="32" size="4096" spicmd="95"/>
      <SLE25010 page="16" size="128" spicmd="95"/>
      <SLE25020 page="16" size="256" spicmd="95"/>
      <SLE25040 page="16" size="512" spicmd="95"/>
      <SLE25080 page="32" size="1024" spicmd="95"/>
      <SLE25160 page="32" size="2048" spicmd="95"/>
      <SLE25320 page="32" size="4096" spicmd="95"/>
    </SIEMENS>
    <SPANSION>
      <S25FL001D id="010210" page="256" size="131072"/>
      <S25FL002D id="010211" page="256" size="262144"/>
      <S25FL004A id="010212" page="256" size="524288"/>
      <S25FL004D id="010212" page="256" size="524288"/>
      <S25FL004K id="EF4013" page="256" size="524288"/>
      <S25FL008A id="010213" page="256" size="1048576"/>
      <S25FL008D id="010213" page="256" size="1048576"/>
      <S25FL008K id="EF4014" page="256" size="1048576"/>
      <S25FL016A id="010214" page="256" size="2097152"/>
      <S25FL016K id="EF4015" page="256" size="2097152"/>
      <S25FL032A id="010215" page="256" size="4194304"/>
      <S25FL032K id="EF4016" page="256" size="4194304"/>
      <S25FL032P id="010215" page="256" size="4194304"/>
      <S25FL040A id="010212" page="256" size="524288"/>
      <S25FL040A_BOT id="010226" page="256" size="524288"/>
      <S25FL040A_TOP id="010225" page="256" size="524288"/>
      <S25FL064A id="010216" page="256" size="8388608"/>
      <S25FL064K id="EF4017" page="256" size="8388608"/>
      <S25FL064P id="010216" page="256" size="8388608"/>
      <S25FL116K id="014015" page="256" size="2097152"/>
      <S25FL128K id="EF4018" page="256" size="16777216"/>
      <S25FL128P id="012018" page="256" size="16777216"/>
      <S25FL128S id="012018" page="256" size="16777216"/>
      <S25FL132K id="014016" page="256" size="4194304"/>
      <S25FL164K id="014017" page="256" size="8388608"/>
    </SPANSION>
    <SST>
      <SST25LF020A id="BF43" page="SSTB" size="262144"/>
      <SST25LF040A id="BF44" page="SSTB" size="524288"/>
      <SST25LF080A id="BF80" page="SSTB" size="1048576"/>
      <SST25VF010 id="BF49" page="SSTB" size="131072"/>
      <SST25VF010A id="BF49" page="SSTB" size="131072"/>
      <SST25VF016B id="BF2541" page="SSTW" size="2097152"/>
      <SST25VF020 id="BF43" page="SSTB" size="262144"/>
      <SST25VF020A id="BF43" page="SSTB" size="262144"/>
      <SST25VF020B id="BF258C" page="SSTW" size="262144"/>
      <SST25VF032B id="BF254A" page="SSTW" size="4194304"/>
      <SST25VF064C id="BF254B" page="256" size="8388608"/>
      <SST25VF040 id="BF44" page="SSTB" size="524288"/>
      <SST25VF040A id="BF44" page="SSTB" size="524288"/>
      <SST25VF040B id="BF258D" page="SSTW" size="524288"/>
      <SST25VF080B id="BF258E" page="SSTW" size="1048576"/>
      <SST25VF512 id="BF48" page="SSTB" size="65536"/>
      <SST25VF512A id="BF48" page="SSTB" size="65536"/>
    </SST>
    <ST>
      <M25C16 page="16" size="2048" spicmd="95"/>
      <M25PX16 id="207115" page="256" size="2097152"/>
      <M25PX32 id="207116" page="256" size="4194304"/>
      <M25PX64 id="207117" page="256" size="8388608"/>
      <M25PX80 id="207114" page="256" size="1048576"/>
      <M25W16 page="16" size="2048" spicmd="95"/>
      <M35080-3 page="32" size="1024" spicmd="95"/>
      <M35080-6 page="32" size="1024" spicmd="95"/>
      <M35080V6 page="32" size="1024" spicmd="95"/>
      <M35080VP page="32" size="1024" spicmd="95"/>
      <M95010 page="8" size="128" spicmd="95"/>
      <M95010R page="8" size="128" spicmd="95"/>
      <M95010W page="8" size="128" spicmd="95"/>
      <M95020 page="8" size="256" spicmd="95"/>
      <M95020R page="8" size="256" spicmd="95"/>
      <M95020W page="8" size="256" spicmd="95"/>
      <M95040 page="8" size="512" spicmd="95"/>
      <M95040R page="8" size="512" spicmd="95"/>
      <M95040W page="8" size="512" spicmd="95"/>
      <M95080 page="32" size="1024" spicmd="95"/>
      <M95080R page="32" size="1024" spicmd="95"/>
      <M95080W page="32" size="1024" spicmd="95"/>
      <M95128 page="64" size="16384" spicmd="95"/>
      <M95128R page="64" size="16384" spicmd="95"/>
      <M95128W page="64" size="16384" spicmd="95"/>
      <M95160 page="32" size="2048" spicmd="95"/>
      <M95160R page="32" size="2048" spicmd="95"/>
      <M95160W page="32" size="2048" spicmd="95"/>
      <M95256 page="64" size="32768" spicmd="95"/>
      <M95256R page="64" size="32768" spicmd="95"/>
      <M95256W page="64" size="32768" spicmd="95"/>
      <M95320 page="32" size="4096" spicmd="95"/>
      <M95320R page="32" size="4096" spicmd="95"/>
      <M95320W page="32" size="4096" spicmd="95"/>
      <M95512R page="128" size="65536" spicmd="95"/>
      <M95512W page="128" size="65536" spicmd="95"/>
      <M95640 page="32" size="8192" spicmd="95"/>
      <M95640R page="32" size="8192" spicmd="95"/>
      <M95640W page="32" size="8192" spicmd="95"/>
      <M95M01R page="256" size="131072" spicmd="95"/>
      <M95M01W page="256" size="131072" spicmd="95"/>
      <ST25C16 page="16" size="2048" spicmd="95"/>
      <ST25P05 id="202010" page="128" size="65536"/>
      <ST25P05A id="202010" page="256" size="65536"/>
      <ST25P10 id="202011" page="128" size="131072"/>
      <ST25P10A id="202011" page="256" size="131072"/>
      <ST25P16 id="202015" page="256" size="2097152"/>
      <ST25P20 id="202012" page="256" size="262144"/>
      <ST25P32 id="202016" page="256" size="4194304"/>
      <ST25P40 id="202013" page="256" size="524288"/>
      <ST25P64 id="202017" page="256" size="8388608"/>
      <ST25P80 id="202014" page="256" size="1048576"/>
    </ST>
    <WINBOND>
      <W25P10 id="EF1000" page="256" size="131072"/>
      <W25P16 id="EF2015" page="256" size="2097152"/>
      <W25P20 id="EF1100" page="256" size="262144"/>
      <W25P32 id="EF2016" page="256" size="4194304"/>
      <W25P40 id="EF1200" page="256" size="524288"/>
      <W25P64 id="EF2017" page="256" size="8388608"/>
      <W25P80 id="EF2014" page="256" size="1048576"/>
      <W25Q10EW_1.8V id="EF6011" page="256" size="131072"/>
      <W25Q128BV id="EF4018" page="256" size="16777216"/>
      <W25Q128FV id="EF4018" page="256" size="16777216"/>
	  <W25Q256FV id="EF4019" page="256" size="33554432"/>
      <W25Q128FW_1.8V id="EF6018" page="256" size="16777216"/>
      <W25Q16 id="EF4015" page="256" size="2097152"/>
      <W25Q16BV id="EF4015" page="256" size="2097152"/>
      <W25Q16CL id="EF4015" page="256" size="2097152"/>
      <W25Q16CV id="EF4015" page="256" size="2097152"/>
      <W25Q16DV id="EF4015" page="256" size="2097152"/>
      <W25Q16FW_1.8V id="EF6015" page="256" size="2097152"/>
      <W25Q16V id="EF4015" page="256" size="2097152"/>
      <W25Q20CL id="EF4012" page="256" size="262144"/>
      <W25Q20EW_1.8V id="EF6012" page="256" size="262144"/>
      <W25Q32 id="EF4016" page="256" size="4194304"/>
      <W25Q32BV id="EF4016" page="256" size="4194304"/>
      <W25Q32FV id="EF4016" page="256" size="4194304"/>
      <W25Q32FW_1.8V id="EF6016" page="256" size="4194304"/>
      <W25Q32V id="EF4016" page="256" size="4194304"/>
      <W25Q40BL id="EF4013" page="256" size="524288"/>
      <W25Q40BV id="EF4013" page="256" size="524288"/>
      <W25Q40CL id="EF4013" page="256" size="524288"/>
      <W25Q40EW_1.8V id="EF6013" page="256" size="524288"/>
      <W25Q64BV id="EF4017" page="256" size="8388608"/>
      <W25Q64CV id="EF4017" page="256" size="8388608"/>
      <W25Q64FV id="EF4017" page="256" size="8388608"/>
      <W25Q64FW_1.8V id="EF6017" page="256" size="8388608"/>
      <W25Q80BL id="EF4014" page="256" size="1048576"/>
      <W25Q80BV id="EF4014" page="256" size="1048576"/>
      <W25Q80DV id="EF4014" page="256" size="1048576"/>
      <W25Q80EW_1.8V id="EF6014" page="256" size="1048576"/>
      <W25X05 id="EF3010" page="256" size="65536"/>
      <W25X05CL id="EF3010" page="256" size="65536"/>
      <W25X10AV id="EF3011" page="256" size="131072"/>
      <W25X10BL id="EF3011" page="256" size="131072"/>
      <W25X10BV id="EF3011" page="256" size="131072"/>
      <W25X10CL id="EF3011" page="256" size="131072"/>
      <W25X10L id="EF3011" page="256" size="131072"/>
      <W25X10V id="EF3011" page="256" size="131072"/>
      <W25X16 id="EF3015" page="256" size="2097152"/>
      <W25X16AL id="EF3015" page="256" size="2097152"/>
      <W25X16AV id="EF3015" page="256" size="2097152"/>
      <W25X16BV id="EF3015" page="256" size="2097152"/>
      <W25X16V id="EF3015" page="256" size="2097152"/>
      <W25X20AL id="EF3012" page="256" size="262144"/>
      <W25X20AV id="EF3012" page="256" size="262144"/>
      <W25X20BL id="EF3012" page="256" size="262144"/>
      <W25X20BV id="EF3012" page="256" size="262144"/>
      <W25X20CL id="EF3012" page="256" size="262144"/>
      <W25X20L id="EF3012" page="256" size="262144"/>
      <W25X20V id="EF3012" page="256" size="262144"/>
      <W25X32 id="EF3016" page="256" size="4194304"/>
      <W25X32AV id="EF3016" page="256" size="4194304"/>
      <W25X32BV id="EF3016" page="256" size="4194304"/>
      <W25X32V id="EF3016" page="256" size="4194304"/>
      <W25X40AL id="EF3013" page="256" size="524288"/>
      <W25X40AV id="EF3013" page="256" size="524288"/>
      <W25X40BL id="EF3013" page="256" size="524288"/>
      <W25X40BV id="EF3013" page="256" size="524288"/>
      <W25X40CL id="EF3013" page="256" size="524288"/>
      <W25X40L id="EF3013" page="256" size="524288"/>
      <W25X40V id="EF3013" page="256" size="524288"/>
      <W25X64 id="EF3017" page="256" size="8388608"/>
      <W25X64BV id="EF3017" page="256" size="8388608"/>
      <W25X64V id="EF3017" page="256" size="8388608"/>
      <W25X80AL id="EF3014" page="256" size="1048576"/>
      <W25X80AV id="EF3014" page="256" size="1048576"/>
      <W25X80BV id="EF3014" page="256" size="1048576"/>
      <W25X80L id="EF3014" page="256" size="1048576"/>
      <W25X80V id="EF3014" page="256" size="1048576"/>
	  <W25M512JV id="EF7119" page="256" size="67108864"/>
    </WINBOND>
    <XICOR>
      <X25010 page="4" size="128" spicmd="95"/>
      <X25043 page="4" size="512" spicmd="95"/>
      <X25045 page="4" size="512" spicmd="95"/>
      <X25F008 page="32" size="1024" spicmd="95"/>
      <X25F016 page="32" size="2048" spicmd="95"/>
      <X25F032 page="32" size="4096" spicmd="95"/>
      <X25F064 page="32" size="8192" spicmd="95"/>
      <X5043 page="16" size="512" spicmd="95"/>
      <X5045 page="16" size="512" spicmd="95"/>
    </XICOR>
    <ZEMPRO>
      <TS25L512A id="372010" page="256" size="65536"/>
      <TS25L010A id="373011" page="256" size="131072"/>
      <TS25L020A id="373012" page="256" size="262144"/>
      <TS25L16AP id="202015" page="256" size="2097152"/>
      <TS25L16BP id="202015" page="256" size="2097152"/>
      <TS25L16P id="372015" page="256" size="2097152"/>
    </ZEMPRO>
	<Zbit>
	  <ZB25D16 id="5E4015" page="256" size="2097152"/>
	</Zbit>
    <Berg_Micro>
      <BG25Q40A id="E04013" page="256" size="524288"/>
      <BG25Q80A id="E04014" page="256" size="1048576"/>
      <BG25Q16A id="E04015" page="256" size="2097152"/>
	  <BG25Q32A id="E04016" page="256" size="4194304"/>
    </Berg_Micro>
    <ATMEL>
	  <AT45DB021D id="1F2300" page="264" size="270336" spicmd="45"/>
      <AT45DB041D id="1F2400" page="264" size="540672" spicmd="45"/>
	  <AT45DB161D id="1F2600" page="528" size="2162688" spicmd="45"/>
	  <AT45DB321D id="1F2701" page="528" size="4325376" spicmd="45"/>
      <AT25010 page="8" size="128" spicmd="95"/>
      <AT25010A page="8" size="128" spicmd="95"/>
      <AT25020 page="8" size="256" spicmd="95"/>
      <AT25020A page="8" size="256" spicmd="95"/>
      <AT25040 page="8" size="512" spicmd="95"/>
      <AT25040A page="8" size="512" spicmd="95"/>
      <AT25080 page="32" size="1024" spicmd="95"/>
      <AT25080A page="32" size="1024" spicmd="95"/>
      <AT25080B page="32" size="1024" spicmd="95"/>
      <AT25160 page="32" size="2048" spicmd="95"/>
      <AT25160A page="32" size="2048" spicmd="95"/>
      <AT25160B page="32" size="2048" spicmd="95"/>
      <AT25320 page="32" size="4096" spicmd="95"/>
      <AT25320A page="32" size="4096" spicmd="95"/>
      <AT25320B page="32" size="4096" spicmd="95"/>
      <AT25640 page="32" size="8192" spicmd="95"/>
      <AT25640A page="32" size="8192" spicmd="95"/>
      <AT25640B page="32" size="8192" spicmd="95"/>
      <AT25128 page="64" size="16384" spicmd="95"/>
      <AT25128A page="64" size="16384" spicmd="95"/>
      <AT25128B page="64" size="16384" spicmd="95"/>
      <AT25256 page="64" size="32768" spicmd="95"/>
      <AT25256A page="64" size="32768" spicmd="95"/>
      <AT25256B page="64" size="32768" spicmd="95"/>
      <AT25512 page="128" size="65536" spicmd="95"/>
      <AT25DF021 id="1F4300" page="256" size="262144"/>
      <AT25DF041 id="1F4400" page="256" size="524288"/>
      <AT25DF041A id="1F4400" page="256" size="524288"/>
	  <AT25SF041 id="1F8400" page="256" size="524288"/>
      <AT25DF081 id="1F4500" page="256" size="1048576"/>
      <AT25DF081A id="1F4500" page="256" size="1048576"/>
      <AT25DF161 id="1F4600" page="256" size="2097152"/>
      <AT25DF321 id="1F4700" page="256" size="4194304"/>
      <AT25DF321A id="1F4700" page="256" size="4194304"/>
      <AT25DF641 id="1F4800" page="256" size="8388608"/>
      <AT25F512 id="1F65" page="256" size="65536"/>
      <AT25F512A id="1F65" page="128" size="65536"/>
	  <AT25F512B id="1F6500" page="256" size="65536"/>
      <AT25F1024 id="1F60" page="256" size="131072"/>
      <AT25F1024A id="1F60" page="256" size="131072"/>
      <AT25F2048 id="1F63" page="256" size="262144"/>
      <AT25F2048A id="1F63" page="256" size="262144"/>
      <AT25F4096 id="1F64" page="256" size="524288"/>
      <AT25F4096A id="1F64" page="256" size="524288"/>
      <AT25HP256 page="128" size="32768" spicmd="95"/>
      <AT25HP512 page="128" size="65536" spicmd="95"/>
      <AT26DF081 id="1F4500" page="256" size="1048576"/>
      <AT26DF081A id="1F4500" page="256" size="1048576"/>
      <AT26DF161 id="1F4600" page="256" size="2097152"/>
      <AT26DF161A id="1F4600" page="256" size="2097152"/>
      <AT26DF321 id="1F4700" page="256" size="4194304"/>
      <AT26DF321A id="1F4700" page="256" size="4194304"/>
      <AT26F004 id="1F0400" page="256" size="524288"/>
    </ATMEL>
	<ACE>
      <ACE25A128G_1.8V id="E06018" page="256" size="16777216"/>
    </ACE>
    <ATO>
      <ATO25Q32 id="9B3216" page="256" size="4194304"/>
    </ATO>
	<DOUQI>
      <DQ25Q64A id="544017" page="256" size="8388608"/>
    </DOUQI>
    <Fremont>
      <FT25H16 id="0E4015" page="256" size="2097152"/>
    </Fremont>
    <Fudan>
      <FM25Q32 id="A14016" page="256" size="4194304"/>
    </Fudan>
    <Genitop>
      <GT25Q80A id="E04014" page="256" size="1048576"/>
    </Genitop>
    <Paragon>
      <PN25F04A id="E04013" page="256" size="524288"/>
    </Paragon>
  </SPI>
  <I2C>
    <_24Cxxx>
      <AT24C01_7bits page="1" 	size="128"    addrtype="0"/>
      <_24C00  page="1"   	size="16"     addrtype="1"/>
      <_24C01  page="8" 	size="128"    addrtype="1"/>
      <_24C02  page="8" 	size="256"    addrtype="1"/>
      <_24C04  page="16" 	size="512"    addrtype="2"/>
      <_24C08  page="16" 	size="1024"   addrtype="3"/>
      <_24C16  page="16" 	size="2048"   addrtype="4"/>
      <_24C32  page="32" 	size="4096"   addrtype="5"/>
      <_24C64  page="32" 	size="8192"   addrtype="5"/>
      <_24C128 page="64" 	size="16384"  addrtype="5"/>
      <_24C256 page="64" 	size="32768"  addrtype="5"/>
      <_24C512 page="128" 	size="65536"  addrtype="5"/>
      <_24C1024 page="256" 	size="131072" addrtype="6"/>
      <_24C2048 page="256" 	size="262144" addrtype="7"/>
    </_24Cxxx>
  </I2C>
  <Microwire>
    <Microchip>
      <M93C86 size="2048" addrbitlen="10"/>
      <M93C76 size="1024" addrbitlen="10"/>
      <M93C66 size="512" addrbitlen="8"/>
      <M93C56 size="256" addrbitlen="8"/>
      <M93C46 size="128" addrbitlen="6"/>
      <M93C06 size="16" addrbitlen="6"/>
    </Microchip>
  </Microwire>
  <NAND>
    <ESMT>
      <F59L1G81MB 	 id="1_C861801540" page="2048" size="134217728"  spare="64" block="64" nandcmd="31" BBM="30" ECC="4_528" vcc="1.8"/>
      <F59L2G81A_ 	 id="1_C8DA909544" page="2048" size="268435456"  spare="64" block="64" nandcmd="31" BBM="30"/>
    </ESMT>
    <HYNIX>
      <HY27US08121A	 id="1_AD76"	   page="512"  size="67108864"   spare="16" block="32" nandcmd="01" BBM="35"/>
      <HY27SS08121A_test id="1_AD36"	   page="512"  size="67108864"   spare="16" block="32" nandcmd="01" BBM="35" vcc="1.8"/>
      <HY27US081G1M_test id="1_AD79A500"   page="512"  size="134217728"  spare="16" block="32" nandcmd="01"/>
      <H27U1G8F2B 	 id="1_ADF1001D"   page="2048" size="134217728"  spare="64" block="64" nandcmd="11"/>
    </HYNIX>
    <Intel>
      <JS29F16G08AAMC1 	 id="1_89D5943E74" page="4096" size="2147483648" spare="218" block="128" nandcmd="31" BBM="10" ECC="8_539"/>
      <JS29F32G08CAMC1 	 id="2_89D5943E74" page="4096" size="4294967296" spare="218" block="128" nandcmd="32" BBM="10" ECC="8_539"/>
      <JS29F64G08FAMC1 	 id="2_89D5D53E78" page="4096" size="8589934592" spare="218" block="128" nandcmd="32" BBM="10" ECC="8_539"/>
      <JS29F32G08AAMDB 	 id="1_89680446A9" page="4096" size="4294967296" spare="224" block="256" nandcmd="31" BBM="10" ECC="12_540"/>
      <JS29F64G08CAMDB 	 id="2_89680446A9" page="4096" size="8589934592" spare="224" block="256" nandcmd="32" BBM="10" ECC="12_540"/>
      <JS29F16B08JAMDB 	 id="4_89680446A9" page="4096" size="17179869184" spare="224" block="256" nandcmd="34" BBM="10" ECC="12_540"/>
    </Intel>
    <Macronix>
      <MX30LF1GE8AB_test id="1_C2F1809582" page="2048" size="134217728"  spare="64" block="64" nandcmd="A1"/>
      <MX30LF2GE8AB_test id="1_C2DA909586" page="2048" size="268435456"  spare="64" block="64" nandcmd="A1"/>
      <MX30LF4GE8AB_test id="1_C2DC9095D6" page="2048" size="536870912"  spare="64" block="64" nandcmd="A1"/>
    </Macronix>
    <MICRON>
      <MT29F2G08AAB_test id="1_2CDA0015"   page="2048" size="268435456"  spare="64" block="64" nandcmd="31"/>
      <MT29F4G08BAB_test id="1_2CDC0015"   page="2048" size="536870912"  spare="64" block="64" nandcmd="31"/>
      <MT29F8G08FAB_test id="2_2CDC0015"   page="2048" size="1073741824" spare="64" block="64" nandcmd="32"/>
      <MT29F2G08ABAEA 	 id="1_2CDA909506" page="2048" size="268435456"  spare="64" block="64" nandcmd="B1"/>
      <MT29F4G08ABAEA_	 id="1_2CDC90A654" page="4096" size="536870912"  spare="224" block="64" nandcmd="31"/>
      <MT29F4G08ABBEA_	 id="1_2CAC902654" page="4096" size="536870912"  spare="224" block="64" nandcmd="31" vcc="1.8"/>
    </MICRON>
    <Samsung>
      <K9F1608W_test     id="1_ECEA" 	   page="256"  size="2097152" 	 spare="8"  block="16" nandcmd="01"/>
      <K9F3208W_test     id="1_ECE3" 	   page="512"  size="4194304" 	 spare="16" block="16" nandcmd="01"/>
      <KM29U128_test     id="1_EC73" 	   page="512"  size="16777216" 	 spare="16" block="32" nandcmd="01"/>
      <K9F1208U0A_test 	 id="1_EC76" 	   page="512"  size="67108864" 	 spare="16" block="32" nandcmd="01"/>
      <K9F1G08U0D 	 id="1_ECF1009540" page="2048" size="134217728"  spare="64" block="64" nandcmd="01" BBM="10"/>
      <K9K8G08U0A_test 	 id="1_ECD3519558" page="2048" size="1073741824" spare="64" block="64" nandcmd="01"/>
      <K9WAG08U1A_ 	 id="2_ECD3519558" page="2048" size="2147483648" spare="64" block="64" nandcmd="02"/>
    </Samsung>
    <ST_Numonix>
      <NAND128W3A_test   id="1_2073" 	page="512"  size="16777216" 	 spare="16" block="32" nandcmd="01" BBM="15"/>
      <NAND256W3A_test 	 id="1_2075" 	page="512"  size="33554432" 	 spare="16" block="32" nandcmd="01" BBM="15"/>
      <NAND512W3A 	 id="1_2076" 	page="512"  size="67108864" 	 spare="16" block="32" nandcmd="01" BBM="15"/>
      <NAND01GW3A_test 	 id="1_2079" 	page="512"  size="134217728" 	 spare="16" block="32" nandcmd="01" BBM="15"/>
      <NAND128R3A_test   id="1_2033" 	page="512"  size="16777216" 	 spare="16" block="32" nandcmd="01" BBM="15" vcc="1.8"/>
      <NAND256R3A_test 	 id="1_2035" 	page="512"  size="33554432" 	 spare="16" block="32" nandcmd="01" BBM="15" vcc="1.8"/>
      <NAND512R3A_test 	 id="1_2036" 	page="512"  size="67108864" 	 spare="16" block="32" nandcmd="01" BBM="15" vcc="1.8"/>
      <NAND01GR3A_test 	 id="1_2039" 	page="512"  size="134217728" 	 spare="16" block="32" nandcmd="01" BBM="15" vcc="1.8"/>
    </ST_Numonix>
    <Toshiba>
      <TC58NVG0S3ETA	 id="1_98D1901576" page="2048" size="134217728"  spare="64" block="64" nandcmd="31" BBM="30" ECC="1_512"/>
      <TC58NVG1S3ETA_	 id="1_98DA901576" page="2048" size="268435456"  spare="64" block="64" nandcmd="31" BBM="30" ECC="1_512"/>
      <TC58BVG0S3H_test  id="1_98F18015F2" page="2048" size="134217728"	 spare="64" block="64" nandcmd="81"/>
    </Toshiba>
    <Winbond>
      <W29N01GV 	 id="1_EFF1809500" page="2048" size="134217728"	 spare="64"  block="64" nandcmd="31" BBM="30" ECC="1_528"/>
      <W29N01GZ 	 id="1_EFA1801500" page="2048" size="134217728"	 spare="64"  block="64" nandcmd="31" BBM="30" ECC="1_528" vcc="1.8"/>
      <W29N01HV 	 id="1_EFF1009500" page="2048" size="134217728"	 spare="64"  block="64" nandcmd="01" BBM="30" ECC="1_528"/>
      <W29N01HZ 	 id="1_EFA1009500" page="2048" size="134217728"	 spare="64"  block="64" nandcmd="01" BBM="30" ECC="1_528" vcc="1.8"/>
      <W29N02GVxxAF	 id="1_EFDA909504" page="2048" size="268435456"  spare="64"  block="64" nandcmd="31" BBM="30" ECC="4_528"/>
      <W29N02GZxxBF	 id="1_EFAA901504" page="2048" size="268435456"  spare="64"  block="64" nandcmd="01" BBM="30" ECC="4_528" vcc="1.8"/>
      <W29N02KVxxAF	 id="1_EFDA109506" page="2048" size="268435456"  spare="128" block="64" nandcmd="01" BBM="30" ECC="4_544"/>
      <W29N02KVxxAE	 id="1_EFDA109507" page="2048" size="268435456"  spare="128" block="64" nandcmd="01" BBM="30" ECC="8_544"/>
      <W29N04GV		 id="1_EFDC909554" page="2048" size="536870912"  spare="64"  block="64" nandcmd="31" BBM="30" ECC="1_528"/>
      <W29N04GZ		 id="1_EFAC901554" page="2048" size="536870912"  spare="64"  block="64" nandcmd="01" BBM="30" ECC="1_528" vcc="1.8"/>
      <W29N08GV		 id="1_EFD3919558" page="2048" size="1073741824"  spare="64"  block="64" nandcmd="31" BBM="30" ECC="1_528"/>
      <W29N08GZ		 id="1_EFA3911558" page="2048" size="1073741824"  spare="64"  block="64" nandcmd="01" BBM="30" ECC="1_528" vcc="1.8"/>
    </Winbond>
  </NAND>
  <FWH>
    <Atmel>
      <AT49LH004 id="1FEE" size="524288" block="64" fwhcmd="FWHc"/>
      <AT49LW040 id="1FE0" size="524288" block="64" fwhcmd="FWHc"/>
      <AT49LW080 id="1FE1" size="1048576" block="64" fwhcmd="FWHc"/>
    </Atmel>
    <PMC>
      <Pm49FL002 id="9D6D" size="262144" block="16" fwhcmd="FWH"/>
      <Pm49FL004 id="9D6E" size="524288" block="64" fwhcmd="FWH"/>
    </PMC>
    <SST>
      <SST49LF002A id="BF57" size="262144" block="16" fwhcmd="FWH"/>
      <SST49LF003A id="BF1B" size="393216" block="64" fwhcmd="FWH"/>
      <SST49LF004A id="BF60" size="524288" block="64" fwhcmd="FWH"/>
      <SST49LF008A id="BF5A" size="1048576" block="64" fwhcmd="FWH"/>
    </SST>
    <ST>
      <M50FLW040A id="2008" size="524288" block="64" fwhcmd="FWHc"/>
      <M50FLW040B id="2028" size="524288" block="64" fwhcmd="FWHc"/>
      <M50FLW080A id="2080" size="1048576" block="64" fwhcmd="FWHc"/>
      <M50FLW080B id="2081" size="1048576" block="64" fwhcmd="FWHc"/>
      <M50FW080 id="202D" size="1048576" block="64" fwhcmd="FWHc"/>
    </ST>
    <Winbond>
      <W49V002   id="DAB0" size="262144" block="16" fwhcmd="LPC"/>
      <W39V040B  id="DA54" size="524288" block="64" fwhcmd="LPC"/>
      <W39V040FB id="DA54" size="524288" block="64" fwhcmd="FWH"/>
      <W39V080A  id="DAD0" size="1048576" block="64" fwhcmd="LPC"/>
      <W39V080FA id="DAD3" size="1048576" block="64" fwhcmd="FWH"/>
    </Winbond>
  </FWH>
  <MCU>
    <Samsung_Zilog>
      <S3F8S24    size="4096"  page="256" VPP="11V"    mcutype="S3F"/>
      <S3F8S28    size="8192"  page="256" VPP="11V"    mcutype="S3F"/>
      <S3F8S35    size="16384" page="256" VPP="5.0V"   mcutype="S3F"/>
      <S3F8S39    size="32768" page="256" VPP="5.0V"   mcutype="S3F"/>
      <S3F9454B   size="4096"  page="256" VPP="12.5V"  mcutype="S3F"/>
      <S3F94C4    size="4096"  page="256" VPP="11V"    mcutype="S3F"/>
      <S3F94C8    size="8192"  page="256" VPP="11V"    mcutype="S3F"/>
    </Samsung_Zilog>
  </MCU>
</chiplist>
